Product_ID,Product_Name,Category,Access_Type,Price_INR,Original_Price_INR,Discount_Percentage,Image_File,Image_URL,Product_Page_URL,Direct_Download_Link,Instant_Checkout_URL,Description
500-animation-explaining-motivation-video,1. 500+ Animation Explaining motivation video,Viral Reels,Paid,29,299,90% OFF,9b80d846-5f05-4d84-8103-c7ed626da19e.webp,https://anshumanenterprises.online/futurewithai/9b80d846-5f05-4d84-8103-c7ed626da19e.webp,https://anshumanenterprises.online/futurewithai/product-500-animation-explaining-motivation-video.html,https://drive.google.com/drive/folders/1nv-GvSF23_G1ZYuH5qilvumgu71RL9fg?usp=drive_link,https://anshumanenterprises.online/futurewithai/checkout.html?cart=%5B%7B%22id%22%3A%20%22500-animation-explaining-motivation-video%22%2C%20%22name%22%3A%20%221.%20500%2B%20Animation%20Explaining%20motivation%20video%22%2C%20%22price%22%3A%2029%2C%20%22img%22%3A%20%229b80d846-5f05-4d84-8103-c7ed626da19e.webp%22%2C%20%22link%22%3A%20%22product-500-animation-explaining-motivation-video.html%22%7D%5D,"500+ premium animated reels/shorts for motivational channels. Stunning visual loops, clean fonts, and high-impact voiceovers."
500-text-overlay-motivational-videos,2. 500+ Text Overlay motivational videos,Viral Reels,Paid,29,299,90% OFF,hero-image.webp,https://anshumanenterprises.online/futurewithai/hero-image.webp,https://anshumanenterprises.online/futurewithai/product-500-text-overlay-motivational-videos.html,https://drive.google.com/drive/folders/17GWqJrZC6bpuWPYgnqtZgj35UK5TLRCy?usp=drive_link,https://anshumanenterprises.online/futurewithai/checkout.html?cart=%5B%7B%22id%22%3A%20%22500-text-overlay-motivational-videos%22%2C%20%22name%22%3A%20%222.%20500%2B%20Text%20Overlay%20motivational%20videos%22%2C%20%22price%22%3A%2029%2C%20%22img%22%3A%20%22hero-image.webp%22%2C%20%22link%22%3A%20%22product-500-text-overlay-motivational-videos.html%22%7D%5D,"500+ ready-to-use motivational reels featuring bold text overlays, trending background score, and high-retention cinematic clips."
500-english-health-reels-bundle,3. 500+ English Health Reels bundle,Viral Reels,Paid,29,299,90% OFF,b1cea753-66e9-4085-9d6d-84f19973cb47.webp,https://anshumanenterprises.online/futurewithai/b1cea753-66e9-4085-9d6d-84f19973cb47.webp,https://anshumanenterprises.online/futurewithai/product-500-english-health-reels-bundle.html,https://drive.google.com/drive/folders/1qnFldiGs48ZSvLI525_7j2UQL2W6f9Qg?usp=drive_link,https://anshumanenterprises.online/futurewithai/checkout.html?cart=%5B%7B%22id%22%3A%20%22500-english-health-reels-bundle%22%2C%20%22name%22%3A%20%223.%20500%2B%20English%20Health%20Reels%20bundle%22%2C%20%22price%22%3A%2029%2C%20%22img%22%3A%20%22b1cea753-66e9-4085-9d6d-84f19973cb47.webp%22%2C%20%22link%22%3A%20%22product-500-english-health-reels-bundle.html%22%7D%5D,"500+ high-definition health, nutrition, and wellness reels in English. Grow your health theme page with zero content creation hassle."
700-ai-english-reelsshort,4. 700+ AI (ENGLISH) Reelsshort,Viral Reels,Paid,39,299,87% OFF,d1afab38-4733-4fbb-b4d8-0710b238de74.webp,https://anshumanenterprises.online/futurewithai/d1afab38-4733-4fbb-b4d8-0710b238de74.webp,https://anshumanenterprises.online/futurewithai/product-700-ai-english-reelsshort.html,https://drive.google.com/drive/folders/1CS3tP_tNQ1sRRaoGdK8AW1soDfenTQKl?usp=drive_link,https://anshumanenterprises.online/futurewithai/checkout.html?cart=%5B%7B%22id%22%3A%20%22700-ai-english-reelsshort%22%2C%20%22name%22%3A%20%224.%20700%2B%20AI%20%28ENGLISH%29%20Reelsshort%22%2C%20%22price%22%3A%2039%2C%20%22img%22%3A%20%22d1afab38-4733-4fbb-b4d8-0710b238de74.webp%22%2C%20%22link%22%3A%20%22product-700-ai-english-reelsshort.html%22%7D%5D,"700+ futuristic AI-narrated English reels. High-quality visuals, auto-generated subtitles, and viral potential built-in."
1000-business-growth-reels-bundle,6. 1000+ Business growth Reels Bundle,Viral Reels,Paid,59,499,88% OFF,d3cd854c-b2ff-495e-a47e-b2ead1943696.webp,https://anshumanenterprises.online/futurewithai/d3cd854c-b2ff-495e-a47e-b2ead1943696.webp,https://anshumanenterprises.online/futurewithai/product-1000-business-growth-reels-bundle.html,https://drive.google.com/drive/folders/1mIRBPf54raxvuYMFstLu4UByqKazEfkl?usp=drive_link,https://anshumanenterprises.online/futurewithai/checkout.html?cart=%5B%7B%22id%22%3A%20%221000-business-growth-reels-bundle%22%2C%20%22name%22%3A%20%226.%201000%2B%20Business%20growth%20Reels%20Bundle%22%2C%20%22price%22%3A%2059%2C%20%22img%22%3A%20%22d3cd854c-b2ff-495e-a47e-b2ead1943696.webp%22%2C%20%22link%22%3A%20%22product-1000-business-growth-reels-bundle.html%22%7D%5D,"1000+ business growth, startup ideas, entrepreneurship, and wealth-building reels. Drive premium B2B traffic to your page."
200-mega-car-reels-bundle,9. 200+ Mega Car Reels Bundle,Viral Reels,Paid,29,299,90% OFF,8537458a-8df9-4489-8f8f-6b6a64ddc03e.webp,https://anshumanenterprises.online/futurewithai/8537458a-8df9-4489-8f8f-6b6a64ddc03e.webp,https://anshumanenterprises.online/futurewithai/product-200-mega-car-reels-bundle.html,https://drive.google.com/drive/folders/1Pj4YQBWN33SUsKdprJRNpd9lmR1uxuZM?usp=drive_link,https://anshumanenterprises.online/futurewithai/checkout.html?cart=%5B%7B%22id%22%3A%20%22200-mega-car-reels-bundle%22%2C%20%22name%22%3A%20%229.%20200%2B%20Mega%20Car%20Reels%20Bundle%22%2C%20%22price%22%3A%2029%2C%20%22img%22%3A%20%228537458a-8df9-4489-8f8f-6b6a64ddc03e.webp%22%2C%20%22link%22%3A%20%22product-200-mega-car-reels-bundle.html%22%7D%5D,"200+ cinematic luxury & sports car reels. Experience engine roars, drift clips, and ultra-high-quality luxury aesthetics."
2200-gym-fitness-reels-bundle,10. 2200+ Gym_ Fitness Reels Bundle,Viral Reels,Paid,59,499,88% OFF,b578e47f-4c4a-420c-b59a-3bbc90470abf.webp,https://anshumanenterprises.online/futurewithai/b578e47f-4c4a-420c-b59a-3bbc90470abf.webp,https://anshumanenterprises.online/futurewithai/product-2200-gym-fitness-reels-bundle.html,https://drive.google.com/drive/folders/1OkXgDpuv5xGGcRwwQ9DqyEYAGHI-0AxE?usp=drive_link,https://anshumanenterprises.online/futurewithai/checkout.html?cart=%5B%7B%22id%22%3A%20%222200-gym-fitness-reels-bundle%22%2C%20%22name%22%3A%20%2210.%202200%2B%20Gym_%20Fitness%20Reels%20Bundle%22%2C%20%22price%22%3A%2059%2C%20%22img%22%3A%20%22b578e47f-4c4a-420c-b59a-3bbc90470abf.webp%22%2C%20%22link%22%3A%20%22product-2200-gym-fitness-reels-bundle.html%22%7D%5D,"2200+ high-intensity workout routines, gym motivation, and athletic clips. Perfect for building a massive fitness community."
550-fitness-health-infographic-post-canva,11. 550+ Fitness Health Infographic Post Canva,Viral Reels,Paid,59,499,88% OFF,0592048c-f88b-41a6-bc23-0eaff4e60064.webp,https://anshumanenterprises.online/futurewithai/0592048c-f88b-41a6-bc23-0eaff4e60064.webp,https://anshumanenterprises.online/futurewithai/product-550-fitness-health-infographic-post-canva.html,https://drive.google.com/drive/folders/1ku51UTed1Mc7yoDvvvOu2rs4_NvL-COt?usp=drive_link,https://anshumanenterprises.online/futurewithai/checkout.html?cart=%5B%7B%22id%22%3A%20%22550-fitness-health-infographic-post-canva%22%2C%20%22name%22%3A%20%2211.%20550%2B%20Fitness%20Health%20Infographic%20Post%20Canva%22%2C%20%22price%22%3A%2059%2C%20%22img%22%3A%20%220592048c-f88b-41a6-bc23-0eaff4e60064.webp%22%2C%20%22link%22%3A%20%22product-550-fitness-health-infographic-post-canva.html%22%7D%5D,"550+ fully editable health & fitness infographics for Canva. Customize colors, fonts, and logos to post viral slide content."
all-in-one-youtuber-kit,12. All In One Youtuber Kit,Video Editing,Paid,59,499,88% OFF,a0c80c0f-3c0a-4930-adb3-e3170b2e9f78.webp,https://anshumanenterprises.online/futurewithai/a0c80c0f-3c0a-4930-adb3-e3170b2e9f78.webp,https://anshumanenterprises.online/futurewithai/product-all-in-one-youtuber-kit.html,https://drive.google.com/drive/folders/1oNfnIXO4rXI3M047uYqvRwH55oxLRH1G?usp=drive_link,https://anshumanenterprises.online/futurewithai/checkout.html?cart=%5B%7B%22id%22%3A%20%22all-in-one-youtuber-kit%22%2C%20%22name%22%3A%20%2212.%20All%20In%20One%20Youtuber%20Kit%22%2C%20%22price%22%3A%2059%2C%20%22img%22%3A%20%22a0c80c0f-3c0a-4930-adb3-e3170b2e9f78.webp%22%2C%20%22link%22%3A%20%22product-all-in-one-youtuber-kit.html%22%7D%5D,"Essential assets for YouTubers: 1000+ sound effects, modern lower thirds, intro/outro screens, glitch FX, and editing transitions."
1000-natures-reels-bundle,13. 1000 Natures Reels Bundle,Viral Reels,Paid,59,499,88% OFF,ea545e56-e4a6-4551-ab1f-8aa0e1593fc5.webp,https://anshumanenterprises.online/futurewithai/ea545e56-e4a6-4551-ab1f-8aa0e1593fc5.webp,https://anshumanenterprises.online/futurewithai/product-1000-natures-reels-bundle.html,https://drive.google.com/drive/folders/1HQy4C_NCo-gRRasyO-84aEQSifq-GZ_N?usp=drive_link,https://anshumanenterprises.online/futurewithai/checkout.html?cart=%5B%7B%22id%22%3A%20%221000-natures-reels-bundle%22%2C%20%22name%22%3A%20%2213.%201000%20Natures%20Reels%20Bundle%22%2C%20%22price%22%3A%2059%2C%20%22img%22%3A%20%22ea545e56-e4a6-4551-ab1f-8aa0e1593fc5.webp%22%2C%20%22link%22%3A%20%22product-1000-natures-reels-bundle.html%22%7D%5D,"1000+ satisfying, peaceful nature reels. Ideal for meditation channels, relaxing background loops, and aesthetic pages."
1200-space-content-reels-bundle,14. 1200+ Space Content Reels Bundle,Viral Reels,Paid,59,499,88% OFF,35c0c997-945b-4f67-b5c7-2ea83275c1be.webp,https://anshumanenterprises.online/futurewithai/35c0c997-945b-4f67-b5c7-2ea83275c1be.webp,https://anshumanenterprises.online/futurewithai/product-1200-space-content-reels-bundle.html,https://drive.google.com/drive/folders/1ZDJEAO5mGA5o8NWnEgRkHVb7Plk7nTEA?usp=drive_link,https://anshumanenterprises.online/futurewithai/checkout.html?cart=%5B%7B%22id%22%3A%20%221200-space-content-reels-bundle%22%2C%20%22name%22%3A%20%2214.%201200%2B%20Space%20Content%20Reels%20Bundle%22%2C%20%22price%22%3A%2059%2C%20%22img%22%3A%20%2235c0c997-945b-4f67-b5c7-2ea83275c1be.webp%22%2C%20%22link%22%3A%20%22product-1200-space-content-reels-bundle.html%22%7D%5D,"1200+ educational space, science, and astronomy shorts. Narrative documentary style that keeps viewers hooked till the end."
ai-reels-bundle,AI Reels Bundle,Viral Reels,Paid,29,299,90% OFF,fa8550fe-ca58-442a-8906-7d9b4454eb88.webp,https://anshumanenterprises.online/futurewithai/fa8550fe-ca58-442a-8906-7d9b4454eb88.webp,https://anshumanenterprises.online/futurewithai/product-ai-reels-bundle.html,https://drive.google.com/drive/folders/1wuAJG14Atf_t6X2rmd1VALyJm_DcOx56?usp=drive_link,https://anshumanenterprises.online/futurewithai/checkout.html?cart=%5B%7B%22id%22%3A%20%22ai-reels-bundle%22%2C%20%22name%22%3A%20%22AI%20Reels%20Bundle%22%2C%20%22price%22%3A%2029%2C%20%22img%22%3A%20%22fa8550fe-ca58-442a-8906-7d9b4454eb88.webp%22%2C%20%22link%22%3A%20%22product-ai-reels-bundle.html%22%7D%5D,Futuristic AI Avatar reels pack. Ready-to-publish educational and self-help videos featuring high-retention AI speakers.
animation-visual-reels-bundle,Animation Visual Reels Bundle,Viral Reels,Paid,39,299,87% OFF,bfcbbd14-cbcd-4daa-8278-50bf6240c648.webp,https://anshumanenterprises.online/futurewithai/bfcbbd14-cbcd-4daa-8278-50bf6240c648.webp,https://anshumanenterprises.online/futurewithai/product-animation-visual-reels-bundle.html,https://drive.google.com/drive/folders/1_xjuRow3DExAz0jEEjEWAgLvDVkuI7hO?usp=drive_link,https://anshumanenterprises.online/futurewithai/checkout.html?cart=%5B%7B%22id%22%3A%20%22animation-visual-reels-bundle%22%2C%20%22name%22%3A%20%22Animation%20Visual%20Reels%20Bundle%22%2C%20%22price%22%3A%2039%2C%20%22img%22%3A%20%22bfcbbd14-cbcd-4daa-8278-50bf6240c648.webp%22%2C%20%22link%22%3A%20%22product-animation-visual-reels-bundle.html%22%7D%5D,"Satisfying 3D loops, abstract physics simulations, and colorful animation reels designed for maximum viewer retention."
art-and-craft-reels-bundle,Art and Craft Reels Bundle,Viral Reels,Paid,39,299,87% OFF,hero-image.webp,https://anshumanenterprises.online/futurewithai/hero-image.webp,https://anshumanenterprises.online/futurewithai/product-art-and-craft-reels-bundle.html,https://drive.google.com/drive/folders/1dWPRpPeptdZjOjZuV9xclRFJK_Tnjhik?usp=drive_link,https://anshumanenterprises.online/futurewithai/checkout.html?cart=%5B%7B%22id%22%3A%20%22art-and-craft-reels-bundle%22%2C%20%22name%22%3A%20%22Art%20and%20Craft%20Reels%20Bundle%22%2C%20%22price%22%3A%2039%2C%20%22img%22%3A%20%22hero-image.webp%22%2C%20%22link%22%3A%20%22product-art-and-craft-reels-bundle.html%22%7D%5D,"Dozens of satisfying DIY craft, sketching, pottery, and miniature art reels. Highly aesthetic and universally loved."
black-word-with-white-background-images,Black Word with White Background Images,Viral Reels,Free,0,0,100% OFF,hero-image.webp,https://anshumanenterprises.online/futurewithai/hero-image.webp,https://anshumanenterprises.online/futurewithai/product-black-word-with-white-background-images.html,https://drive.google.com/drive/folders/1GzfLUGZpwOklGZK_UB4_ZsvHM5WUb5cz?usp=drive_link,https://drive.google.com/drive/folders/1GzfLUGZpwOklGZK_UB4_ZsvHM5WUb5cz?usp=drive_link,Elegant minimalist text quotes on white & black backgrounds. Ideal for Instagram story highlight covers and aesthetic grid posts.
caravan-life,Caravan Life,Viral Reels,Free,0,0,100% OFF,hero-image.webp,https://anshumanenterprises.online/futurewithai/hero-image.webp,https://anshumanenterprises.online/futurewithai/product-caravan-life.html,https://drive.google.com/drive/folders/1icBWFJeUT6tbSEbn8xgqu0yjpYca7Qqb?usp=drive_link,https://drive.google.com/drive/folders/1icBWFJeUT6tbSEbn8xgqu0yjpYca7Qqb?usp=drive_link,"Scenic van life, camping, road trips, and outdoor travel reels. Perfect for wanderlust bloggers and travel creators."
dog-reels-bundle,Dog Reels Bundle,Viral Reels,Free,0,0,100% OFF,hero-image.webp,https://anshumanenterprises.online/futurewithai/hero-image.webp,https://anshumanenterprises.online/futurewithai/product-dog-reels-bundle.html,https://drive.google.com/drive/folders/1i6GdFMRzlIWFQYPW3Q26VxmmCtkb6Ewl?usp=drive_link,https://drive.google.com/drive/folders/1i6GdFMRzlIWFQYPW3Q26VxmmCtkb6Ewl?usp=drive_link,Adorable and funny dog compilations. Tap into the highly profitable pet niche with cute clips that gather millions of views.
funny-and-cute-cat-bundle,Funny and Cute Cat Bundle,Viral Reels,Free,0,0,100% OFF,hero-image.webp,https://anshumanenterprises.online/futurewithai/hero-image.webp,https://anshumanenterprises.online/futurewithai/product-funny-and-cute-cat-bundle.html,https://drive.google.com/drive/folders/1_eyWC3Xj8MYhsJU1MxX_JZa_KBTl5kB8?usp=drive_link,https://drive.google.com/drive/folders/1_eyWC3Xj8MYhsJU1MxX_JZa_KBTl5kB8?usp=drive_link,"Hundreds of viral, cute cat videos and reels. Instant engagement boosters that are heavily favored by the social algorithm."
health-infographic-post-updating,Health Infographic Post (updating),Viral Reels,Free,0,0,100% OFF,hero-image.webp,https://anshumanenterprises.online/futurewithai/hero-image.webp,https://anshumanenterprises.online/futurewithai/product-health-infographic-post-updating.html,https://drive.google.com/drive/folders/1eTA836EkIIjF1gmFXVg8hy94VPRPC7KV?usp=drive_link,https://drive.google.com/drive/folders/1eTA836EkIIjF1gmFXVg8hy94VPRPC7KV?usp=drive_link,"550+ fully editable health & fitness infographics for Canva. Customize colors, fonts, and logos to post viral slide content."
lifestyle-reels-bundle,Lifestyle Reels Bundle,Viral Reels,Free,0,0,100% OFF,074f8b8c-c197-44d2-b38c-4a4d69698588.webp,https://anshumanenterprises.online/futurewithai/074f8b8c-c197-44d2-b38c-4a4d69698588.webp,https://anshumanenterprises.online/futurewithai/product-lifestyle-reels-bundle.html,https://drive.google.com/drive/folders/1nk5llkVEXI-1mU2-W9IevjsWovv2gNr_?usp=drive_link,https://drive.google.com/drive/folders/1nk5llkVEXI-1mU2-W9IevjsWovv2gNr_?usp=drive_link,"Premium luxury lifestyle, mansions, private jets, and travel clips. Show off the dream life to build a luxury brand page."
luxury-hotels-and-resorts,Luxury Hotels and Resorts,Viral Reels,Free,0,0,100% OFF,5ab06a38-7ad9-4c1f-93de-c92f6eb0e19f.webp,https://anshumanenterprises.online/futurewithai/5ab06a38-7ad9-4c1f-93de-c92f6eb0e19f.webp,https://anshumanenterprises.online/futurewithai/product-luxury-hotels-and-resorts.html,https://drive.google.com/drive/folders/1PHCYdlpYhnS-f0auyYWhgo5SW3x_LgRb?usp=drive_link,https://drive.google.com/drive/folders/1PHCYdlpYhnS-f0auyYWhgo5SW3x_LgRb?usp=drive_link,"Stunning aesthetic walkthroughs of 5-star hotels, infinity pools, and villas worldwide. Perfect for luxury travel niche."
travel-reels-bundle,Travel Reels Bundle,Viral Reels,Free,0,0,100% OFF,062c4ef6-262f-4d6b-beda-62ba5d7f154a.webp,https://anshumanenterprises.online/futurewithai/062c4ef6-262f-4d6b-beda-62ba5d7f154a.webp,https://anshumanenterprises.online/futurewithai/product-travel-reels-bundle.html,https://drive.google.com/drive/folders/1Aw0KGaR4pcEQiWaldQhWPbgGLjq9lPsJ?usp=drive_link,https://drive.google.com/drive/folders/1Aw0KGaR4pcEQiWaldQhWPbgGLjq9lPsJ?usp=drive_link,"Cinematic landscape clips, tropical islands, and mountain views from around the world. Excellent for travel and lifestyle pages."
1500-glowing-motion-graphics-reels-bundle,1500+ GLowing motion graphics reels bundle:,Video Editing,Paid,39,299,87% OFF,48e15f8f-547e-4ee6-b3a6-beaa52bbc7ae.webp,https://anshumanenterprises.online/futurewithai/48e15f8f-547e-4ee6-b3a6-beaa52bbc7ae.webp,https://anshumanenterprises.online/futurewithai/product-1500-glowing-motion-graphics-reels-bundle.html,https://drive.google.com/drive/folders/1roblnDQyKDbkJscGsTSTEglAJc-50RYM?usp=drive_link,https://anshumanenterprises.online/futurewithai/checkout.html?cart=%5B%7B%22id%22%3A%20%221500-glowing-motion-graphics-reels-bundle%22%2C%20%22name%22%3A%20%221500%2B%20GLowing%20motion%20graphics%20reels%20bundle%3A%22%2C%20%22price%22%3A%2039%2C%20%22img%22%3A%20%2248e15f8f-547e-4ee6-b3a6-beaa52bbc7ae.webp%22%2C%20%22link%22%3A%20%22product-1500-glowing-motion-graphics-reels-bundle.html%22%7D%5D,"1500+ trending glowing line animations, neon overlays, and motion graphics assets. Level up your editing instantly."
500-luxury-reels,500+ LUXURY REELS,Viral Reels,Paid,29,299,90% OFF,63948cf2-88fa-4cdc-a802-1a91d77f0fd9.webp,https://anshumanenterprises.online/futurewithai/63948cf2-88fa-4cdc-a802-1a91d77f0fd9.webp,https://anshumanenterprises.online/futurewithai/product-500-luxury-reels.html,https://drive.google.com/drive/folders/1q06oyJq5SXegTeRnl_CRY0_nbttX_P62?usp=drive_link,https://anshumanenterprises.online/futurewithai/checkout.html?cart=%5B%7B%22id%22%3A%20%22500-luxury-reels%22%2C%20%22name%22%3A%20%22500%2B%20LUXURY%20REELS%22%2C%20%22price%22%3A%2029%2C%20%22img%22%3A%20%2263948cf2-88fa-4cdc-a802-1a91d77f0fd9.webp%22%2C%20%22link%22%3A%20%22product-500-luxury-reels.html%22%7D%5D,"500+ curated premium aesthetic reels of supercars, high-end watches, and luxury travel. Build a top-tier brand page."
5000-mega-reels-bundle,5000+ MEGA REELS BUNDLE,Viral Reels,Free,0,0,100% OFF,255ad432-0183-46a6-9bad-fcde38327c83.webp,https://anshumanenterprises.online/futurewithai/255ad432-0183-46a6-9bad-fcde38327c83.webp,https://anshumanenterprises.online/futurewithai/product-5000-mega-reels-bundle.html,https://mega.nz/folder/BBpxDYQQ#OLyaL1a0vDXxG__ddzyxoQ,https://mega.nz/folder/BBpxDYQQ#OLyaL1a0vDXxG__ddzyxoQ,"Our flagship bundle containing 5000+ high-quality reels covering gym, health, tech, and finance niches. Complete package."
400-php-scripts,400+ PHP scripts,Web Apps,Paid,69,499,86% OFF,"ChatGPT Image Jun 17, 2026, 08_01_16 PM.webp","https://anshumanenterprises.online/futurewithai/ChatGPT Image Jun 17, 2026, 08_01_16 PM.webp",https://anshumanenterprises.online/futurewithai/product-400-php-scripts.html,400+ Php Scripts-20240730T043321Z-001.zip - Google Drive,https://anshumanenterprises.online/futurewithai/checkout.html?cart=%5B%7B%22id%22%3A%20%22400-php-scripts%22%2C%20%22name%22%3A%20%22400%2B%20PHP%20scripts%22%2C%20%22price%22%3A%2069%2C%20%22img%22%3A%20%22ChatGPT%20Image%20Jun%2017%2C%202026%2C%2008_01_16%20PM.webp%22%2C%20%22link%22%3A%20%22product-400-php-scripts.html%22%7D%5D,"400+ working PHP source code scripts for building SaaS platforms, utility directories, tools, booking websites, and portals."
200-ultimate-web-applications-theme-plugins,200+ Ultimate Web Applications Theme & Plugins,Web Apps,Paid,39,299,87% OFF,e5ede526-2409-4388-9197-cd2b8d7553a3.webp,https://anshumanenterprises.online/futurewithai/e5ede526-2409-4388-9197-cd2b8d7553a3.webp,https://anshumanenterprises.online/futurewithai/product-200-ultimate-web-applications-theme-plugins.html,File folder on MEGA,https://anshumanenterprises.online/futurewithai/checkout.html?cart=%5B%7B%22id%22%3A%20%22200-ultimate-web-applications-theme-plugins%22%2C%20%22name%22%3A%20%22200%2B%20Ultimate%20Web%20Applications%20Theme%20%26%20Plugins%22%2C%20%22price%22%3A%2039%2C%20%22img%22%3A%20%22e5ede526-2409-4388-9197-cd2b8d7553a3.webp%22%2C%20%22link%22%3A%20%22product-200-ultimate-web-applications-theme-plugins.html%22%7D%5D,"200+ premium WordPress themes, elementor templates, security plugins, and SEO tools with lifetime developer licenses."
21-hrs-content-of-how-to-work-on-1500-manually-tested-web-app,21 Hrs Content of How to Work on 1500+ Manually Tested Web App:,Web Apps,Paid,79,499,84% OFF,3117313c-1dbe-4180-8ec0-838d3223ee52.webp,https://anshumanenterprises.online/futurewithai/3117313c-1dbe-4180-8ec0-838d3223ee52.webp,https://anshumanenterprises.online/futurewithai/product-21-hrs-content-of-how-to-work-on-1500-manually-tested-web-app.html,https://mega.nz/folder/ViYy2TIT#cyvpfiqw_mT 4Yd8wKV4jgQ/folder/4roxQahZ,https://anshumanenterprises.online/futurewithai/checkout.html?cart=%5B%7B%22id%22%3A%20%2221-hrs-content-of-how-to-work-on-1500-manually-tested-web-app%22%2C%20%22name%22%3A%20%2221%20Hrs%20Content%20of%20How%20to%20Work%20on%201500%2B%20Manually%20Tested%20Web%20App%3A%22%2C%20%22price%22%3A%2079%2C%20%22img%22%3A%20%223117313c-1dbe-4180-8ec0-838d3223ee52.webp%22%2C%20%22link%22%3A%20%22product-21-hrs-content-of-how-to-work-on-1500-manually-tested-web-app.html%22%7D%5D,"Step-by-step 21-hour masterclass tutorial on installing, configuring, hosting, and monetizing the 1500+ web application source codes."
1500-premium-transitions,1500 PREMIUM TRANSITIONS,Video Editing,Paid,49,299,84% OFF,dcd1eb49-06e0-4670-9b58-34251a1cf975.webp,https://anshumanenterprises.online/futurewithai/dcd1eb49-06e0-4670-9b58-34251a1cf975.webp,https://anshumanenterprises.online/futurewithai/product-1500-premium-transitions.html,https://drive.google.com/drive/folders/18YTOPFKEzz4jjMiwiMTrx6aTl1AJ2hTf?usp=drive_link,https://anshumanenterprises.online/futurewithai/checkout.html?cart=%5B%7B%22id%22%3A%20%221500-premium-transitions%22%2C%20%22name%22%3A%20%221500%20PREMIUM%20TRANSITIONS%22%2C%20%22price%22%3A%2049%2C%20%22img%22%3A%20%22dcd1eb49-06e0-4670-9b58-34251a1cf975.webp%22%2C%20%22link%22%3A%20%22product-1500-premium-transitions.html%22%7D%5D,"1500+ drag-and-drop transitions (zooms, wipes, glitch, spins) for Premiere Pro, CapCut, and After Effects."
latest-editing-2026,LATEST EDITING 2026,Video Editing,Paid,59,499,88% OFF,54beffc5-a747-4142-a5f6-4c32af142c40.webp,https://anshumanenterprises.online/futurewithai/54beffc5-a747-4142-a5f6-4c32af142c40.webp,https://anshumanenterprises.online/futurewithai/product-latest-editing-2026.html,https://drive.google.com/drive/folders/10QKbUY7qRyKM3m1ig6EsVQ3KNSJdDZ8Y?usp=drive_link,https://anshumanenterprises.online/futurewithai/checkout.html?cart=%5B%7B%22id%22%3A%20%22latest-editing-2026%22%2C%20%22name%22%3A%20%22LATEST%20EDITING%202026%22%2C%20%22price%22%3A%2059%2C%20%22img%22%3A%20%2254beffc5-a747-4142-a5f6-4c32af142c40.webp%22%2C%20%22link%22%3A%20%22product-latest-editing-2026.html%22%7D%5D,"The absolute latest 2026 editing package including dynamic overlays, sound effects, LUTs, and typography tools."
graphics-bundle,Graphics Bundle,Video Editing,Paid,39,299,87% OFF,61ac1b38-c5f7-4a17-a64b-59330a93ea76.webp,https://anshumanenterprises.online/futurewithai/61ac1b38-c5f7-4a17-a64b-59330a93ea76.webp,https://anshumanenterprises.online/futurewithai/product-graphics-bundle.html,https://drive.google.com/drive/folders/1hORXYzDSl0lQnOHbBChKIF6s4wSTC0mP?usp=drive_link,https://anshumanenterprises.online/futurewithai/checkout.html?cart=%5B%7B%22id%22%3A%20%22graphics-bundle%22%2C%20%22name%22%3A%20%22Graphics%20Bundle%22%2C%20%22price%22%3A%2039%2C%20%22img%22%3A%20%2261ac1b38-c5f7-4a17-a64b-59330a93ea76.webp%22%2C%20%22link%22%3A%20%22product-graphics-bundle.html%22%7D%5D,"Over 100 GB of premium vector shapes, social templates, corporate mockups, PNG icons, and branding presentation files."
igital-marketing-bundle,igital Marketing Bundle,Digital Marketing,Paid,49,299,84% OFF,4e4d70ac-e86e-40fe-94b7-168459764baa.webp,https://anshumanenterprises.online/futurewithai/4e4d70ac-e86e-40fe-94b7-168459764baa.webp,https://anshumanenterprises.online/futurewithai/product-igital-marketing-bundle.html,MEGA,https://anshumanenterprises.online/futurewithai/checkout.html?cart=%5B%7B%22id%22%3A%20%22igital-marketing-bundle%22%2C%20%22name%22%3A%20%22igital%20Marketing%20Bundle%22%2C%20%22price%22%3A%2049%2C%20%22img%22%3A%20%224e4d70ac-e86e-40fe-94b7-168459764baa.webp%22%2C%20%22link%22%3A%20%22product-igital-marketing-bundle.html%22%7D%5D,"Ready-made social media ad copy, cold email frameworks, contract templates, and marketing proposals to scale your agency."
2700-elementor-pro-templates-forwordpresssite,2700+ Elementor Pro Templates Forwordpresssite,Digital Marketing,Paid,59,499,88% OFF,9570321e-3dd1-4d10-b32a-cb3ea8458624.webp,https://anshumanenterprises.online/futurewithai/9570321e-3dd1-4d10-b32a-cb3ea8458624.webp,https://anshumanenterprises.online/futurewithai/product-2700-elementor-pro-templates-forwordpresssite.html,MEGA,https://anshumanenterprises.online/futurewithai/checkout.html?cart=%5B%7B%22id%22%3A%20%222700-elementor-pro-templates-forwordpresssite%22%2C%20%22name%22%3A%20%222700%2B%20Elementor%20Pro%20Templates%20Forwordpresssite%22%2C%20%22price%22%3A%2059%2C%20%22img%22%3A%20%229570321e-3dd1-4d10-b32a-cb3ea8458624.webp%22%2C%20%22link%22%3A%20%22product-2700-elementor-pro-templates-forwordpresssite.html%22%7D%5D,"2700+ pre-designed Elementor Pro landing pages, complete website structures, widgets, and business blocks."
37tb-all-money-making-courses-bundle,1.37tb All Money Making Courses Bundle,Digital Marketing,Paid,29,299,90% OFF,hero-image.webp,https://anshumanenterprises.online/futurewithai/hero-image.webp,https://anshumanenterprises.online/futurewithai/product-37tb-all-money-making-courses-bundle.html,MEGA,https://anshumanenterprises.online/futurewithai/checkout.html?cart=%5B%7B%22id%22%3A%20%2237tb-all-money-making-courses-bundle%22%2C%20%22name%22%3A%20%221.37tb%20All%20Money%20Making%20Courses%20Bundle%22%2C%20%22price%22%3A%2029%2C%20%22img%22%3A%20%22hero-image.webp%22%2C%20%22link%22%3A%20%22product-37tb-all-money-making-courses-bundle.html%22%7D%5D,"A massive 1.37 Terabyte catalog of courses on dropshipping, coding, copywriting, organic marketing, and agency scaling."
