id,title,description,availability,condition,price,link,image_link,brand,google_product_category,fb_product_category,product_type,age_group,gender,rating_average,rating_count,custom_label_0,custom_label_1,custom_label_2
500-animation-explaining-motivation-video,1. 500+ Animation Explaining motivation video,"500+ premium animated reels/shorts for motivational channels. Stunning visual loops, clean fonts, and high-impact voiceovers.

🎁 BUMPER LAUNCH OFFER: Buy this pack today and get 9 Premium Bonus Rewards Bundles (Worth ₹19,491) completely FREE:
1. 5000+ MEGA REELS BUNDLE (Worth ₹4,999)
2. Caravan Life Travel Reels (Worth ₹1,999)
3. Dog Reels Bundle (Worth ₹1,999)
4. Funny & Cute Cat Bundle (Worth ₹1,999)
5. Health Infographic Post Canva (Worth ₹1,499)
6. Lifestyle Reels Bundle (Worth ₹1,999)
7. Luxury Hotels & Resorts (Worth ₹1,999)
8. Travel Reels Bundle (Worth ₹1,999)
9. Black Word Quotes (Worth ₹999)",in stock,new,29.00 INR,https://futurewithai.anshumanenterprises.online/product-500-animation-explaining-motivation-video.html,https://futurewithai.anshumanenterprises.online/9b80d846-5f05-4d84-8103-c7ed626da19e.webp,FutureWithAI,9560,9560,Media Assets > Viral Social Media Reels Bundle,adult,unisex,4.6,630,Viral Reels,popular,under_100
500-text-overlay-motivational-videos,2. 500+ Text Overlay motivational videos,"500+ ready-to-use motivational reels featuring bold text overlays, trending background score, and high-retention cinematic clips.

🎁 BUMPER LAUNCH OFFER: Buy this pack today and get 9 Premium Bonus Rewards Bundles (Worth ₹19,491) completely FREE:
1. 5000+ MEGA REELS BUNDLE (Worth ₹4,999)
2. Caravan Life Travel Reels (Worth ₹1,999)
3. Dog Reels Bundle (Worth ₹1,999)
4. Funny & Cute Cat Bundle (Worth ₹1,999)
5. Health Infographic Post Canva (Worth ₹1,499)
6. Lifestyle Reels Bundle (Worth ₹1,999)
7. Luxury Hotels & Resorts (Worth ₹1,999)
8. Travel Reels Bundle (Worth ₹1,999)
9. Black Word Quotes (Worth ₹999)",in stock,new,29.00 INR,https://futurewithai.anshumanenterprises.online/product-500-text-overlay-motivational-videos.html,https://futurewithai.anshumanenterprises.online/reels_hero_mockup.webp,FutureWithAI,9560,9560,Media Assets > Viral Social Media Reels Bundle,adult,unisex,4.7,690,Viral Reels,popular,under_100
500-english-health-reels-bundle,3. 500+ English Health Reels bundle,"500+ high-definition health, nutrition, and wellness reels in English. Grow your health theme page with zero content creation hassle.

🎁 BUMPER LAUNCH OFFER: Buy this pack today and get 9 Premium Bonus Rewards Bundles (Worth ₹19,491) completely FREE:
1. 5000+ MEGA REELS BUNDLE (Worth ₹4,999)
2. Caravan Life Travel Reels (Worth ₹1,999)
3. Dog Reels Bundle (Worth ₹1,999)
4. Funny & Cute Cat Bundle (Worth ₹1,999)
5. Health Infographic Post Canva (Worth ₹1,499)
6. Lifestyle Reels Bundle (Worth ₹1,999)
7. Luxury Hotels & Resorts (Worth ₹1,999)
8. Travel Reels Bundle (Worth ₹1,999)
9. Black Word Quotes (Worth ₹999)",in stock,new,29.00 INR,https://futurewithai.anshumanenterprises.online/product-500-english-health-reels-bundle.html,https://futurewithai.anshumanenterprises.online/b1cea753-66e9-4085-9d6d-84f19973cb47.webp,FutureWithAI,9560,9560,Media Assets > Viral Social Media Reels Bundle,adult,unisex,4.8,450,Viral Reels,popular,under_100
700-ai-english-reelsshort,4. 700+ AI (ENGLISH) Reelsshort,"700+ futuristic AI-narrated English reels. High-quality visuals, auto-generated subtitles, and viral potential built-in.

🎁 BUMPER LAUNCH OFFER: Buy this pack today and get 9 Premium Bonus Rewards Bundles (Worth ₹19,491) completely FREE:
1. 5000+ MEGA REELS BUNDLE (Worth ₹4,999)
2. Caravan Life Travel Reels (Worth ₹1,999)
3. Dog Reels Bundle (Worth ₹1,999)
4. Funny & Cute Cat Bundle (Worth ₹1,999)
5. Health Infographic Post Canva (Worth ₹1,499)
6. Lifestyle Reels Bundle (Worth ₹1,999)
7. Luxury Hotels & Resorts (Worth ₹1,999)
8. Travel Reels Bundle (Worth ₹1,999)
9. Black Word Quotes (Worth ₹999)",in stock,new,39.00 INR,https://futurewithai.anshumanenterprises.online/product-700-ai-english-reelsshort.html,https://futurewithai.anshumanenterprises.online/d1afab38-4733-4fbb-b4d8-0710b238de74.webp,FutureWithAI,9560,9560,Media Assets > Viral Social Media Reels Bundle,adult,unisex,4.7,150,Viral Reels,popular,under_100
1000-business-growth-reels-bundle,6. 1000+ Business growth Reels Bundle,"1000+ business growth, startup ideas, entrepreneurship, and wealth-building reels. Drive premium B2B traffic to your page.

🎁 BUMPER LAUNCH OFFER: Buy this pack today and get 9 Premium Bonus Rewards Bundles (Worth ₹19,491) completely FREE:
1. 5000+ MEGA REELS BUNDLE (Worth ₹4,999)
2. Caravan Life Travel Reels (Worth ₹1,999)
3. Dog Reels Bundle (Worth ₹1,999)
4. Funny & Cute Cat Bundle (Worth ₹1,999)
5. Health Infographic Post Canva (Worth ₹1,499)
6. Lifestyle Reels Bundle (Worth ₹1,999)
7. Luxury Hotels & Resorts (Worth ₹1,999)
8. Travel Reels Bundle (Worth ₹1,999)
9. Black Word Quotes (Worth ₹999)",in stock,new,59.00 INR,https://futurewithai.anshumanenterprises.online/product-1000-business-growth-reels-bundle.html,https://futurewithai.anshumanenterprises.online/d3cd854c-b2ff-495e-a47e-b2ead1943696.webp,FutureWithAI,9560,9560,Media Assets > Viral Social Media Reels Bundle,adult,unisex,4.8,590,Viral Reels,popular,under_100
200-mega-car-reels-bundle,9. 200+ Mega Car Reels Bundle,"200+ cinematic luxury & sports car reels. Experience engine roars, drift clips, and ultra-high-quality luxury aesthetics.

🎁 BUMPER LAUNCH OFFER: Buy this pack today and get 9 Premium Bonus Rewards Bundles (Worth ₹19,491) completely FREE:
1. 5000+ MEGA REELS BUNDLE (Worth ₹4,999)
2. Caravan Life Travel Reels (Worth ₹1,999)
3. Dog Reels Bundle (Worth ₹1,999)
4. Funny & Cute Cat Bundle (Worth ₹1,999)
5. Health Infographic Post Canva (Worth ₹1,499)
6. Lifestyle Reels Bundle (Worth ₹1,999)
7. Luxury Hotels & Resorts (Worth ₹1,999)
8. Travel Reels Bundle (Worth ₹1,999)
9. Black Word Quotes (Worth ₹999)",in stock,new,29.00 INR,https://futurewithai.anshumanenterprises.online/product-200-mega-car-reels-bundle.html,https://futurewithai.anshumanenterprises.online/8537458a-8df9-4489-8f8f-6b6a64ddc03e.webp,FutureWithAI,9560,9560,Media Assets > Viral Social Media Reels Bundle,adult,unisex,4.6,410,Viral Reels,popular,under_100
2200-gym-fitness-reels-bundle,10. 2200+ Gym_ Fitness Reels Bundle,"2200+ high-intensity workout routines, gym motivation, and athletic clips. Perfect for building a massive fitness community.

🎁 BUMPER LAUNCH OFFER: Buy this pack today and get 9 Premium Bonus Rewards Bundles (Worth ₹19,491) completely FREE:
1. 5000+ MEGA REELS BUNDLE (Worth ₹4,999)
2. Caravan Life Travel Reels (Worth ₹1,999)
3. Dog Reels Bundle (Worth ₹1,999)
4. Funny & Cute Cat Bundle (Worth ₹1,999)
5. Health Infographic Post Canva (Worth ₹1,499)
6. Lifestyle Reels Bundle (Worth ₹1,999)
7. Luxury Hotels & Resorts (Worth ₹1,999)
8. Travel Reels Bundle (Worth ₹1,999)
9. Black Word Quotes (Worth ₹999)",in stock,new,59.00 INR,https://futurewithai.anshumanenterprises.online/product-2200-gym-fitness-reels-bundle.html,https://futurewithai.anshumanenterprises.online/b578e47f-4c4a-420c-b59a-3bbc90470abf.webp,FutureWithAI,9560,9560,Media Assets > Viral Social Media Reels Bundle,adult,unisex,4.9,390,Viral Reels,popular,under_100
550-fitness-health-infographic-post-canva,11. 550+ Fitness Health Infographic Post Canva,"550+ fully editable health & fitness infographics for Canva. Customize colors, fonts, and logos to post viral slide content.

🎁 BUMPER LAUNCH OFFER: Buy this pack today and get 9 Premium Bonus Rewards Bundles (Worth ₹19,491) completely FREE:
1. 5000+ MEGA REELS BUNDLE (Worth ₹4,999)
2. Caravan Life Travel Reels (Worth ₹1,999)
3. Dog Reels Bundle (Worth ₹1,999)
4. Funny & Cute Cat Bundle (Worth ₹1,999)
5. Health Infographic Post Canva (Worth ₹1,499)
6. Lifestyle Reels Bundle (Worth ₹1,999)
7. Luxury Hotels & Resorts (Worth ₹1,999)
8. Travel Reels Bundle (Worth ₹1,999)
9. Black Word Quotes (Worth ₹999)",in stock,new,59.00 INR,https://futurewithai.anshumanenterprises.online/product-550-fitness-health-infographic-post-canva.html,https://futurewithai.anshumanenterprises.online/0592048c-f88b-41a6-bc23-0eaff4e60064.webp,FutureWithAI,9560,9560,Media Assets > Viral Social Media Reels Bundle,adult,unisex,4.7,730,Viral Reels,popular,under_100
all-in-one-youtuber-kit,12. All In One Youtuber Kit,"Essential assets for YouTubers: 1000+ sound effects, modern lower thirds, intro/outro screens, glitch FX, and editing transitions.

🎁 BUMPER LAUNCH OFFER: Buy this pack today and get 9 Premium Bonus Rewards Bundles (Worth ₹19,491) completely FREE:
1. 5000+ MEGA REELS BUNDLE (Worth ₹4,999)
2. Caravan Life Travel Reels (Worth ₹1,999)
3. Dog Reels Bundle (Worth ₹1,999)
4. Funny & Cute Cat Bundle (Worth ₹1,999)
5. Health Infographic Post Canva (Worth ₹1,499)
6. Lifestyle Reels Bundle (Worth ₹1,999)
7. Luxury Hotels & Resorts (Worth ₹1,999)
8. Travel Reels Bundle (Worth ₹1,999)
9. Black Word Quotes (Worth ₹999)",in stock,new,59.00 INR,https://futurewithai.anshumanenterprises.online/product-all-in-one-youtuber-kit.html,https://futurewithai.anshumanenterprises.online/a0c80c0f-3c0a-4930-adb3-e3170b2e9f78.webp,FutureWithAI,9560,9560,Media Assets > Video Editing Presets & Toolkit,adult,unisex,4.8,690,Video Editing,popular,under_100
1000-natures-reels-bundle,13. 1000 Natures Reels Bundle,"1000+ satisfying, peaceful nature reels. Ideal for meditation channels, relaxing background loops, and aesthetic pages.

🎁 BUMPER LAUNCH OFFER: Buy this pack today and get 9 Premium Bonus Rewards Bundles (Worth ₹19,491) completely FREE:
1. 5000+ MEGA REELS BUNDLE (Worth ₹4,999)
2. Caravan Life Travel Reels (Worth ₹1,999)
3. Dog Reels Bundle (Worth ₹1,999)
4. Funny & Cute Cat Bundle (Worth ₹1,999)
5. Health Infographic Post Canva (Worth ₹1,499)
6. Lifestyle Reels Bundle (Worth ₹1,999)
7. Luxury Hotels & Resorts (Worth ₹1,999)
8. Travel Reels Bundle (Worth ₹1,999)
9. Black Word Quotes (Worth ₹999)",in stock,new,59.00 INR,https://futurewithai.anshumanenterprises.online/product-1000-natures-reels-bundle.html,https://futurewithai.anshumanenterprises.online/ea545e56-e4a6-4551-ab1f-8aa0e1593fc5.webp,FutureWithAI,9560,9560,Media Assets > Viral Social Media Reels Bundle,adult,unisex,4.9,450,Viral Reels,popular,under_100
1200-space-content-reels-bundle,14. 1200+ Space Content Reels Bundle,"1200+ educational space, science, and astronomy shorts. Narrative documentary style that keeps viewers hooked till the end.

🎁 BUMPER LAUNCH OFFER: Buy this pack today and get 9 Premium Bonus Rewards Bundles (Worth ₹19,491) completely FREE:
1. 5000+ MEGA REELS BUNDLE (Worth ₹4,999)
2. Caravan Life Travel Reels (Worth ₹1,999)
3. Dog Reels Bundle (Worth ₹1,999)
4. Funny & Cute Cat Bundle (Worth ₹1,999)
5. Health Infographic Post Canva (Worth ₹1,499)
6. Lifestyle Reels Bundle (Worth ₹1,999)
7. Luxury Hotels & Resorts (Worth ₹1,999)
8. Travel Reels Bundle (Worth ₹1,999)
9. Black Word Quotes (Worth ₹999)",in stock,new,59.00 INR,https://futurewithai.anshumanenterprises.online/product-1200-space-content-reels-bundle.html,https://futurewithai.anshumanenterprises.online/35c0c997-945b-4f67-b5c7-2ea83275c1be.webp,FutureWithAI,9560,9560,Media Assets > Viral Social Media Reels Bundle,adult,unisex,4.8,750,Viral Reels,popular,under_100
ai-reels-bundle,AI Reels Bundle,"Futuristic AI Avatar reels pack. Ready-to-publish educational and self-help videos featuring high-retention AI speakers.

🎁 BUMPER LAUNCH OFFER: Buy this pack today and get 9 Premium Bonus Rewards Bundles (Worth ₹19,491) completely FREE:
1. 5000+ MEGA REELS BUNDLE (Worth ₹4,999)
2. Caravan Life Travel Reels (Worth ₹1,999)
3. Dog Reels Bundle (Worth ₹1,999)
4. Funny & Cute Cat Bundle (Worth ₹1,999)
5. Health Infographic Post Canva (Worth ₹1,499)
6. Lifestyle Reels Bundle (Worth ₹1,999)
7. Luxury Hotels & Resorts (Worth ₹1,999)
8. Travel Reels Bundle (Worth ₹1,999)
9. Black Word Quotes (Worth ₹999)",in stock,new,29.00 INR,https://futurewithai.anshumanenterprises.online/product-ai-reels-bundle.html,https://futurewithai.anshumanenterprises.online/fa8550fe-ca58-442a-8906-7d9b4454eb88.webp,FutureWithAI,9560,9560,Media Assets > Viral Social Media Reels Bundle,adult,unisex,4.7,750,Viral Reels,popular,under_100
animation-visual-reels-bundle,Animation Visual Reels Bundle,"Satisfying 3D loops, abstract physics simulations, and colorful animation reels designed for maximum viewer retention.

🎁 BUMPER LAUNCH OFFER: Buy this pack today and get 9 Premium Bonus Rewards Bundles (Worth ₹19,491) completely FREE:
1. 5000+ MEGA REELS BUNDLE (Worth ₹4,999)
2. Caravan Life Travel Reels (Worth ₹1,999)
3. Dog Reels Bundle (Worth ₹1,999)
4. Funny & Cute Cat Bundle (Worth ₹1,999)
5. Health Infographic Post Canva (Worth ₹1,499)
6. Lifestyle Reels Bundle (Worth ₹1,999)
7. Luxury Hotels & Resorts (Worth ₹1,999)
8. Travel Reels Bundle (Worth ₹1,999)
9. Black Word Quotes (Worth ₹999)",in stock,new,39.00 INR,https://futurewithai.anshumanenterprises.online/product-animation-visual-reels-bundle.html,https://futurewithai.anshumanenterprises.online/bfcbbd14-cbcd-4daa-8278-50bf6240c648.webp,FutureWithAI,9560,9560,Media Assets > Viral Social Media Reels Bundle,adult,unisex,4.6,810,Viral Reels,popular,under_100
art-and-craft-reels-bundle,Art and Craft Reels Bundle,"Dozens of satisfying DIY craft, sketching, pottery, and miniature art reels. Highly aesthetic and universally loved.

🎁 BUMPER LAUNCH OFFER: Buy this pack today and get 9 Premium Bonus Rewards Bundles (Worth ₹19,491) completely FREE:
1. 5000+ MEGA REELS BUNDLE (Worth ₹4,999)
2. Caravan Life Travel Reels (Worth ₹1,999)
3. Dog Reels Bundle (Worth ₹1,999)
4. Funny & Cute Cat Bundle (Worth ₹1,999)
5. Health Infographic Post Canva (Worth ₹1,499)
6. Lifestyle Reels Bundle (Worth ₹1,999)
7. Luxury Hotels & Resorts (Worth ₹1,999)
8. Travel Reels Bundle (Worth ₹1,999)
9. Black Word Quotes (Worth ₹999)",in stock,new,39.00 INR,https://futurewithai.anshumanenterprises.online/product-art-and-craft-reels-bundle.html,https://futurewithai.anshumanenterprises.online/reels_art_preview.webp,FutureWithAI,9560,9560,Media Assets > Viral Social Media Reels Bundle,adult,unisex,4.8,270,Viral Reels,popular,under_100
1500-glowing-motion-graphics-reels-bundle,1500+ GLowing motion graphics reels bundle:,"1500+ trending glowing line animations, neon overlays, and motion graphics assets. Level up your editing instantly.

🎁 BUMPER LAUNCH OFFER: Buy this pack today and get 9 Premium Bonus Rewards Bundles (Worth ₹19,491) completely FREE:
1. 5000+ MEGA REELS BUNDLE (Worth ₹4,999)
2. Caravan Life Travel Reels (Worth ₹1,999)
3. Dog Reels Bundle (Worth ₹1,999)
4. Funny & Cute Cat Bundle (Worth ₹1,999)
5. Health Infographic Post Canva (Worth ₹1,499)
6. Lifestyle Reels Bundle (Worth ₹1,999)
7. Luxury Hotels & Resorts (Worth ₹1,999)
8. Travel Reels Bundle (Worth ₹1,999)
9. Black Word Quotes (Worth ₹999)",in stock,new,39.00 INR,https://futurewithai.anshumanenterprises.online/product-1500-glowing-motion-graphics-reels-bundle.html,https://futurewithai.anshumanenterprises.online/48e15f8f-547e-4ee6-b3a6-beaa52bbc7ae.webp,FutureWithAI,9560,9560,Media Assets > Video Editing Presets & Toolkit,adult,unisex,4.6,430,Video Editing,popular,under_100
500-luxury-reels,500+ LUXURY REELS,"500+ curated premium aesthetic reels of supercars, high-end watches, and luxury travel. Build a top-tier brand page.

🎁 BUMPER LAUNCH OFFER: Buy this pack today and get 9 Premium Bonus Rewards Bundles (Worth ₹19,491) completely FREE:
1. 5000+ MEGA REELS BUNDLE (Worth ₹4,999)
2. Caravan Life Travel Reels (Worth ₹1,999)
3. Dog Reels Bundle (Worth ₹1,999)
4. Funny & Cute Cat Bundle (Worth ₹1,999)
5. Health Infographic Post Canva (Worth ₹1,499)
6. Lifestyle Reels Bundle (Worth ₹1,999)
7. Luxury Hotels & Resorts (Worth ₹1,999)
8. Travel Reels Bundle (Worth ₹1,999)
9. Black Word Quotes (Worth ₹999)",in stock,new,29.00 INR,https://futurewithai.anshumanenterprises.online/product-500-luxury-reels.html,https://futurewithai.anshumanenterprises.online/63948cf2-88fa-4cdc-a802-1a91d77f0fd9.webp,FutureWithAI,9560,9560,Media Assets > Viral Social Media Reels Bundle,adult,unisex,4.7,510,Viral Reels,popular,under_100
400-php-scripts,400+ PHP scripts,"400+ working PHP source code scripts for building SaaS platforms, utility directories, tools, booking websites, and portals.

🎁 BUMPER LAUNCH OFFER: Buy this pack today and get 9 Premium Bonus Rewards Bundles (Worth ₹19,491) completely FREE:
1. 5000+ MEGA REELS BUNDLE (Worth ₹4,999)
2. Caravan Life Travel Reels (Worth ₹1,999)
3. Dog Reels Bundle (Worth ₹1,999)
4. Funny & Cute Cat Bundle (Worth ₹1,999)
5. Health Infographic Post Canva (Worth ₹1,499)
6. Lifestyle Reels Bundle (Worth ₹1,999)
7. Luxury Hotels & Resorts (Worth ₹1,999)
8. Travel Reels Bundle (Worth ₹1,999)
9. Black Word Quotes (Worth ₹999)",in stock,new,69.00 INR,https://futurewithai.anshumanenterprises.online/product-400-php-scripts.html,"https://futurewithai.anshumanenterprises.online/ChatGPT Image Jun 17, 2026, 08_01_16 PM.webp",FutureWithAI,9560,9560,Software > Web Applications & SaaS Templates,adult,unisex,4.9,330,Web Apps,popular,under_100
200-ultimate-web-applications-theme-plugins,200+ Ultimate Web Applications Theme & Plugins,"200+ premium WordPress themes, elementor templates, security plugins, and SEO tools with lifetime developer licenses.

🎁 BUMPER LAUNCH OFFER: Buy this pack today and get 9 Premium Bonus Rewards Bundles (Worth ₹19,491) completely FREE:
1. 5000+ MEGA REELS BUNDLE (Worth ₹4,999)
2. Caravan Life Travel Reels (Worth ₹1,999)
3. Dog Reels Bundle (Worth ₹1,999)
4. Funny & Cute Cat Bundle (Worth ₹1,999)
5. Health Infographic Post Canva (Worth ₹1,499)
6. Lifestyle Reels Bundle (Worth ₹1,999)
7. Luxury Hotels & Resorts (Worth ₹1,999)
8. Travel Reels Bundle (Worth ₹1,999)
9. Black Word Quotes (Worth ₹999)",in stock,new,39.00 INR,https://futurewithai.anshumanenterprises.online/product-200-ultimate-web-applications-theme-plugins.html,https://futurewithai.anshumanenterprises.online/e5ede526-2409-4388-9197-cd2b8d7553a3.webp,FutureWithAI,9560,9560,Software > Web Applications & SaaS Templates,adult,unisex,4.6,430,Web Apps,popular,under_100
21-hrs-content-of-how-to-work-on-1500-manually-tested-web-app,21 Hrs Content of How to Work on 1500+ Manually Tested Web App:,"Step-by-step 21-hour masterclass tutorial on installing, configuring, hosting, and monetizing the 1500+ web application source codes.

🎁 BUMPER LAUNCH OFFER: Buy this pack today and get 9 Premium Bonus Rewards Bundles (Worth ₹19,491) completely FREE:
1. 5000+ MEGA REELS BUNDLE (Worth ₹4,999)
2. Caravan Life Travel Reels (Worth ₹1,999)
3. Dog Reels Bundle (Worth ₹1,999)
4. Funny & Cute Cat Bundle (Worth ₹1,999)
5. Health Infographic Post Canva (Worth ₹1,499)
6. Lifestyle Reels Bundle (Worth ₹1,999)
7. Luxury Hotels & Resorts (Worth ₹1,999)
8. Travel Reels Bundle (Worth ₹1,999)
9. Black Word Quotes (Worth ₹999)",in stock,new,79.00 INR,https://futurewithai.anshumanenterprises.online/product-21-hrs-content-of-how-to-work-on-1500-manually-tested-web-app.html,https://futurewithai.anshumanenterprises.online/3117313c-1dbe-4180-8ec0-838d3223ee52.webp,FutureWithAI,9560,9560,Software > Web Applications & SaaS Templates,adult,unisex,4.7,310,Web Apps,popular,under_100
1500-premium-transitions,1500 PREMIUM TRANSITIONS,"1500+ drag-and-drop transitions (zooms, wipes, glitch, spins) for Premiere Pro, CapCut, and After Effects.

🎁 BUMPER LAUNCH OFFER: Buy this pack today and get 9 Premium Bonus Rewards Bundles (Worth ₹19,491) completely FREE:
1. 5000+ MEGA REELS BUNDLE (Worth ₹4,999)
2. Caravan Life Travel Reels (Worth ₹1,999)
3. Dog Reels Bundle (Worth ₹1,999)
4. Funny & Cute Cat Bundle (Worth ₹1,999)
5. Health Infographic Post Canva (Worth ₹1,499)
6. Lifestyle Reels Bundle (Worth ₹1,999)
7. Luxury Hotels & Resorts (Worth ₹1,999)
8. Travel Reels Bundle (Worth ₹1,999)
9. Black Word Quotes (Worth ₹999)",in stock,new,49.00 INR,https://futurewithai.anshumanenterprises.online/product-1500-premium-transitions.html,https://futurewithai.anshumanenterprises.online/dcd1eb49-06e0-4670-9b58-34251a1cf975.webp,FutureWithAI,9560,9560,Media Assets > Video Editing Presets & Toolkit,adult,unisex,4.7,550,Video Editing,popular,under_100
latest-editing-2026,LATEST EDITING 2026,"The absolute latest 2026 editing package including dynamic overlays, sound effects, LUTs, and typography tools.

🎁 BUMPER LAUNCH OFFER: Buy this pack today and get 9 Premium Bonus Rewards Bundles (Worth ₹19,491) completely FREE:
1. 5000+ MEGA REELS BUNDLE (Worth ₹4,999)
2. Caravan Life Travel Reels (Worth ₹1,999)
3. Dog Reels Bundle (Worth ₹1,999)
4. Funny & Cute Cat Bundle (Worth ₹1,999)
5. Health Infographic Post Canva (Worth ₹1,499)
6. Lifestyle Reels Bundle (Worth ₹1,999)
7. Luxury Hotels & Resorts (Worth ₹1,999)
8. Travel Reels Bundle (Worth ₹1,999)
9. Black Word Quotes (Worth ₹999)",in stock,new,59.00 INR,https://futurewithai.anshumanenterprises.online/product-latest-editing-2026.html,https://futurewithai.anshumanenterprises.online/54beffc5-a747-4142-a5f6-4c32af142c40.webp,FutureWithAI,9560,9560,Media Assets > Video Editing Presets & Toolkit,adult,unisex,4.8,410,Video Editing,popular,under_100
graphics-bundle,Graphics Bundle,"Over 100 GB of premium vector shapes, social templates, corporate mockups, PNG icons, and branding presentation files.

🎁 BUMPER LAUNCH OFFER: Buy this pack today and get 9 Premium Bonus Rewards Bundles (Worth ₹19,491) completely FREE:
1. 5000+ MEGA REELS BUNDLE (Worth ₹4,999)
2. Caravan Life Travel Reels (Worth ₹1,999)
3. Dog Reels Bundle (Worth ₹1,999)
4. Funny & Cute Cat Bundle (Worth ₹1,999)
5. Health Infographic Post Canva (Worth ₹1,499)
6. Lifestyle Reels Bundle (Worth ₹1,999)
7. Luxury Hotels & Resorts (Worth ₹1,999)
8. Travel Reels Bundle (Worth ₹1,999)
9. Black Word Quotes (Worth ₹999)",in stock,new,39.00 INR,https://futurewithai.anshumanenterprises.online/product-graphics-bundle.html,https://futurewithai.anshumanenterprises.online/61ac1b38-c5f7-4a17-a64b-59330a93ea76.webp,FutureWithAI,9560,9560,Media Assets > Video Editing Presets & Toolkit,adult,unisex,4.9,210,Video Editing,popular,under_100
igital-marketing-bundle,igital Marketing Bundle,"Ready-made social media ad copy, cold email frameworks, contract templates, and marketing proposals to scale your agency.

🎁 BUMPER LAUNCH OFFER: Buy this pack today and get 9 Premium Bonus Rewards Bundles (Worth ₹19,491) completely FREE:
1. 5000+ MEGA REELS BUNDLE (Worth ₹4,999)
2. Caravan Life Travel Reels (Worth ₹1,999)
3. Dog Reels Bundle (Worth ₹1,999)
4. Funny & Cute Cat Bundle (Worth ₹1,999)
5. Health Infographic Post Canva (Worth ₹1,499)
6. Lifestyle Reels Bundle (Worth ₹1,999)
7. Luxury Hotels & Resorts (Worth ₹1,999)
8. Travel Reels Bundle (Worth ₹1,999)
9. Black Word Quotes (Worth ₹999)",in stock,new,49.00 INR,https://futurewithai.anshumanenterprises.online/digital-marketing-bundle.html,https://futurewithai.anshumanenterprises.online/4e4d70ac-e86e-40fe-94b7-168459764baa.webp,FutureWithAI,9560,9560,Business Tools > Digital Marketing Resource Bundle,adult,unisex,4.6,770,Digital Marketing,popular,under_100
2700-elementor-pro-templates-forwordpresssite,2700+ Elementor Pro Templates Forwordpresssite,"2700+ pre-designed Elementor Pro landing pages, complete website structures, widgets, and business blocks.

🎁 BUMPER LAUNCH OFFER: Buy this pack today and get 9 Premium Bonus Rewards Bundles (Worth ₹19,491) completely FREE:
1. 5000+ MEGA REELS BUNDLE (Worth ₹4,999)
2. Caravan Life Travel Reels (Worth ₹1,999)
3. Dog Reels Bundle (Worth ₹1,999)
4. Funny & Cute Cat Bundle (Worth ₹1,999)
5. Health Infographic Post Canva (Worth ₹1,499)
6. Lifestyle Reels Bundle (Worth ₹1,999)
7. Luxury Hotels & Resorts (Worth ₹1,999)
8. Travel Reels Bundle (Worth ₹1,999)
9. Black Word Quotes (Worth ₹999)",in stock,new,59.00 INR,https://futurewithai.anshumanenterprises.online/product-2700-elementor-pro-templates-forwordpresssite.html,https://futurewithai.anshumanenterprises.online/9570321e-3dd1-4d10-b32a-cb3ea8458624.webp,FutureWithAI,9560,9560,Business Tools > Digital Marketing Resource Bundle,adult,unisex,4.7,350,Digital Marketing,popular,under_100
37tb-all-money-making-courses-bundle,1.37tb All Money Making Courses Bundle,"A massive 1.37 Terabyte catalog of courses on dropshipping, coding, copywriting, organic marketing, and agency scaling.

🎁 BUMPER LAUNCH OFFER: Buy this pack today and get 9 Premium Bonus Rewards Bundles (Worth ₹19,491) completely FREE:
1. 5000+ MEGA REELS BUNDLE (Worth ₹4,999)
2. Caravan Life Travel Reels (Worth ₹1,999)
3. Dog Reels Bundle (Worth ₹1,999)
4. Funny & Cute Cat Bundle (Worth ₹1,999)
5. Health Infographic Post Canva (Worth ₹1,499)
6. Lifestyle Reels Bundle (Worth ₹1,999)
7. Luxury Hotels & Resorts (Worth ₹1,999)
8. Travel Reels Bundle (Worth ₹1,999)
9. Black Word Quotes (Worth ₹999)",in stock,new,29.00 INR,https://futurewithai.anshumanenterprises.online/product-37tb-all-money-making-courses-bundle.html,https://futurewithai.anshumanenterprises.online/laptop-workspace.webp,FutureWithAI,9560,9560,Business Tools > Digital Marketing Resource Bundle,adult,unisex,4.7,630,Digital Marketing,popular,under_100
